자치구,중구,용산구,동대문구,강북구,은평구,서대문구,마포구,금천구,영등포구,동작구,관악구,서초구,강남구,송파구
2022.08.15.00,"52,157","89,536","145,318","115,602","191,150","129,302","158,265","97,325","173,391","168,114","211,168","170,836","220,195","279,623"
2022.08.14.00,"52,050","89,345","145,034","115,388","190,677","129,003","157,956","97,171","173,059","167,782","210,761","170,578","219,714","279,092"
2022.08.13.00,"51,852","88,970","144,476","114,790","189,691","128,384","157,261","96,747","172,341","167,004","209,737","169,722","218,768","277,761"
2022.08.12.00,"51,597","88,475","143,824","114,234","188,718","127,661","156,356","96,286","171,533","166,192","208,687","168,841","217,692","276,305"
2022.08.11.00,"51,319","87,935","143,096","113,648","187,615","126,911","155,481","95,783","170,652","165,284","207,514","167,904","216,569","274,833"
2022.08.10.00,"51,003","87,343","142,334","113,000","186,499","126,101","154,529","95,293","169,658","164,359","206,198","166,954","215,372","273,140"
2022.08.09.00,"50,711","86,744","141,478","112,287","185,305","125,254","153,554","94,678","168,615","163,311","204,973","165,912","214,045","271,430"
2022.08.08.00,"50,403","86,083","140,590","111,551","184,268","124,161","152,353","93,969","167,398","162,082","203,447","164,928","212,487","269,416"
2022.08.07.00,"50,312","85,940","140,325","111,318","183,876","123,906","152,044","93,808","167,098","161,811","203,109","164,562","212,004","268,893"
2022.08.06.00,"50,068","85,552","139,808","110,794","182,971","123,313","151,288","93,380","166,403","161,040","202,113","163,787","211,135","267,765"
2022.08.05.00,"49,851","85,155","139,218","110,286","182,051","122,696","150,533","92,912","165,599","160,291","201,027","162,962","210,050","266,495"
2022.08.04.00,"49,636","84,670","138,579","109,781","181,189","122,025","149,770","92,500","164,775","159,469","199,920","162,183","209,081","265,189"
2022.08.03.00,"49,413","84,216","137,900","109,247","180,231","121,411","148,944","92,072","163,985","158,655","198,863","161,243","208,108","263,865"
2022.08.02.00,"49,126","83,701","137,225","108,678","179,161","120,682","148,062","91,584","163,067","157,793","197,609","160,206","206,856","262,439"
2022.08.01.00,"48,783","83,107","136,475","108,100","178,143","119,863","146,973","91,017","161,967","156,787","196,333","159,364","205,626","260,621"
2022.07.31.00,"48,705","82,957","136,201","107,891","177,806","119,629","146,690","90,894","161,651","156,547","196,004","158,940","205,227","260,163"
2022.07.30.00,"48,515","82,683","135,781","107,524","177,025","119,205","146,108","90,634","161,131","156,017","195,245","158,289","204,471","259,181"
2022.07.29.00,"48,290","82,287","135,266","107,144","176,247","118,636","145,444","90,308","160,513","155,393","194,446","157,529","203,596","258,069"
2022.07.28.00,"48,087","81,872","134,757","106,703","175,467","118,074","144,754","89,948","159,819","154,742","193,470","156,788","202,634","256,895"
2022.07.27.00,"47,884","81,464","134,173","106,189","174,669","117,514","144,064","89,597","159,168","154,039","192,546","155,932","201,614","255,741"
2022.07.26.00,"47,621","81,027","133,592","105,666","173,750","116,881","143,324","89,220","158,353","153,234","191,517","154,963","200,540","254,401"
2022.07.25.00,"47,310","80,399","132,863","105,123","172,882","116,119","142,324","88,796","157,410","152,289","190,279","154,080","199,166","252,754"
2022.07.24.00,"47,258","80,270","132,690","104,991","172,521","115,931","142,116","88,718","157,161","152,074","189,969","153,706","198,719","252,360"
2022.07.23.00,"47,087","79,959","132,306","104,639","171,843","115,527","141,561","88,493","156,610","151,568","189,237","153,003","197,884","251,321"
2022.07.22.00,"46,895","79,634","131,842","104,271","171,129","115,094","140,983","88,234","156,025","151,010","188,473","152,329","196,984","250,343"
2022.07.21.00,"46,662","79,254","131,206","103,696","170,357","114,549","140,320","87,947","155,367","150,361","187,660","151,581","196,072","249,172"
2022.07.20.00,"46,449","78,849","130,746","103,468","169,604","114,005","139,618","87,636","154,725","149,711","186,743","150,796","195,082","247,937"
2022.07.19.00,"46,248","78,437","130,260","103,078","168,818","113,419","138,870","87,385","154,064","149,042","185,908","149,923","193,999","246,883"
2022.07.18.00,"46,034","77,967","129,678","102,694","168,044","112,862","138,114","87,070","153,289","148,288","185,028","149,191","192,904","245,519"
2022.07.17.00,"45,991","77,869","129,526","102,603","167,755","112,709","137,912","86,998","153,138","148,105","184,796","148,910","192,548","245,111"
2022.07.16.00,"45,871","77,666","129,285","102,423","167,361","112,448","137,498","86,872","152,810","147,771","184,335","148,471","192,014","244,606"
2022.07.15.00,"45,708","77,353","128,978","102,239","166,809","111,867","138,601","86,698","152,339","147,395","183,822","148,022","191,421","243,833"
2022.07.14.00,"45,582","77,157","128,710","102,065","166,315","111,578","138,165","86,545","151,998","147,012","183,378","147,528","191,468","243,186"
2022.07.13.00,"45,448","76,894","128,423","101,859","165,909","111,274","137,738","86,383","151,634","146,632","182,898","146,999","190,873","242,468"
2022.07.12.00,"45,324","76,647","128,140","101,682","165,449","110,955","137,286","86,231","151,270","146,269","182,385","146,475","190,325","241,875"
2022.07.11.00,"45,197","76,391","127,862","101,529","165,138","110,602","136,823","86,083","150,866","145,863","181,927","146,041","189,718","241,124"
2022.07.10.00,"45,166","76,336","127,794","101,486","164,991","110,518","136,691","86,061","150,774","145,755","181,814","145,889","189,532","240,919"
2022.07.09.00,"45,091","76,215","127,662","101,381","164,708","110,345","136,479","85,989","150,548","145,557","181,523","145,599","189,177","240,551"
2022.07.08.00,"45,027","76,091","127,540","101,272","164,487","110,170","136,242","85,911","150,340","145,367","181,324","145,341","188,864","240,188"
2022.07.07.00,"44,959","75,979","127,404","101,182","164,271","110,002","136,022","85,851","150,177","145,207","181,076","145,110","188,539","239,862"
2022.07.06.00,"44,901","75,869","127,267","101,090","164,077","109,843","135,804","85,792","149,965","145,032","180,862","144,859","188,234","239,479"
2022.07.05.00,"44,831","75,757","127,139","100,999","163,869","109,680","135,575","85,720","149,780","144,842","180,627","144,625","187,899","239,130"
2022.07.04.00,"44,779","75,607","126,988","100,907","163,726","109,509","135,357","85,658","149,576","144,669","180,412","144,430","187,550","238,752"
2022.07.03.00,"44,773","75,551","126,954","100,890","163,652","109,480","135,306","85,648","149,543","144,625","180,363","144,388","187,449","238,654"
2022.07.02.00,"44,743","75,509","126,896","100,832","163,572","109,402","135,176","85,606","149,441","144,511","180,209","144,256","187,310","238,448"
2022.07.01.00,"44,704","75,362","126,837","100,788","163,461","109,310","135,030","85,579","149,321","144,418","180,069","144,128","187,095","238,219"
2022.06.30.00,"44,678","75,276","126,773","100,750","163,375","109,248","134,913","85,540","149,226","144,327","179,939","144,007","186,932","238,036"
2022.06.29.00,"44,640","75,208","126,716","100,715","163,290","109,180","134,805","85,510","149,115","144,250","179,831","143,877","186,769","237,867"
2022.06.28.00,"44,593","75,119","126,641","100,658","163,212","109,119","134,683","85,483","148,997","144,162","179,699","143,751","186,567","237,696"
2022.06.27.00,"44,548","75,035","126,582","100,585","163,160","109,047","134,548","85,436","148,896","144,064","179,573","143,643","186,395","237,513"
2022.06.26.00,"44,536","75,012","126,566","100,573","163,137","109,030","134,520","85,429","148,871","144,044","179,549","143,601","186,345","237,460"
2022.06.25.00,"44,508","74,986","126,541","100,547","163,071","108,992","134,463","85,410","148,824","143,997","179,492","143,523","186,234","237,366"
2022.06.24.00,"44,478","74,953","126,513","100,508","163,024","108,937","134,373","85,386","148,771","143,950","179,405","143,450","186,109","237,260"
2022.06.23.00,"44,467","74,897","126,480","100,474","162,962","108,901","134,291","85,356","148,712","143,886","179,328","143,374","185,998","237,117"
2022.06.22.00,"44,437","74,863","126,435","100,445","162,898","108,855","134,216","85,329","148,661","143,820","179,265","143,287","185,893","236,998"
2022.06.21.00,"44,405","74,809","126,395","100,398","162,829","108,811","134,144","85,309","148,587","143,744","179,149","143,186","185,781","236,864"
2022.06.20.00,"44,384","74,750","126,340","100,356","162,778","108,757","134,037","85,254","148,506","143,674","179,060","143,091","185,634","236,660"
2022.06.19.00,"44,370","74,732","126,323","100,343","162,741","108,743","134,008","85,238","148,474","143,659","179,032","143,055","185,571","236,597"
2022.06.18.00,"44,356","74,705","126,297","100,319","162,705","108,719","133,953","85,215","148,430","143,613","178,968","142,982","185,477","236,509"
2022.06.17.00,"44,340","74,674","126,270","100,296","162,663","108,682","133,886","85,195","148,379","143,559","178,917","142,917","185,377","236,398"
2022.06.16.00,"44,324","74,647","126,241","100,282","162,618","108,644","133,827","85,175","148,321","143,509","178,839","142,839","185,292","236,304"
2022.06.15.00,"44,306","74,616","126,207","100,252","162,560","108,590","133,767","85,147","148,253","143,463","178,763","142,766","185,182","236,192"
2022.06.14.00,"44,284","74,563","126,174","100,232","162,480","108,544","133,687","85,120","148,165","143,390","178,670","142,680","185,059","236,076"
2022.06.13.00,"44,266","74,508","126,119","100,198","162,410","108,486","133,615","85,089","148,093","143,312","178,606","142,595","184,937","235,937"
2022.06.12.00,"44,255","74,494","126,102","100,186","162,361","108,464","133,584","85,081","148,073","143,276","178,587","142,542","184,879","235,888"
2022.06.11.00,"44,239","74,449","126,081","100,166","162,320","108,437","133,534","85,063","148,017","143,222","178,536","142,507","184,802","235,797"
2022.06.10.00,"44,220","74,414","126,052","100,127","162,273","108,385","133,457","85,036","147,959","143,167","178,467","142,442","184,727","235,710"
2022.06.09.00,"44,208","74,362","126,015","100,097","162,211","108,344","133,378","85,000","147,891","143,102","178,389","142,373","184,624","235,597"
2022.06.08.00,"44,190","74,316","125,955","100,059","162,088","108,266","133,286","84,961","147,806","143,023","178,294","142,282","184,502","235,461"
2022.06.07.00,"44,147","74,253","125,854","100,005","162,021","108,173","133,145","84,817","147,697","142,917","178,192","142,189","184,344","235,299"
2022.06.06.00,"44,139","74,227","125,827","99,988","161,964","108,145","133,107","84,803","147,676","142,870","178,151","142,139","184,275","235,242"
2022.06.05.00,"44,127","74,212","125,806","99,980","161,932","108,103","133,081","84,786","147,655","142,834","178,126","142,083","184,218","235,194"
2022.06.04.00,"44,096","74,172","125,761","99,943","161,845","108,053","133,009","84,743","147,578","142,750","178,024","142,011","184,107","235,066"
2022.06.03.00,"44,077","74,065","125,709","99,907","161,709","107,971","132,935","84,701","147,516","142,672","177,951","141,891","183,964","234,960"
2022.06.02.00,"44,056","73,995","125,633","99,854","161,615","107,875","132,859","84,675","147,426","142,585","177,839","141,775","183,844","234,821"
2022.06.01.00,"44,042","73,962","125,564","99,822","161,493","107,822","132,793","84,658","147,385","142,534","177,762","141,686","183,627","234,701"
2022.05.31.00,"44,014","73,900","125,419","99,773","161,377","107,754","132,695","84,608","147,300","142,442","177,622","141,556","183,316","234,555"
2022.05.30.00,"43,974","73,810","125,287","99,712","161,271","107,633","132,571","84,561","147,180","142,324","177,482","141,426","183,060","234,368"
2022.05.29.00,"43,966","73,794","125,206","99,695","161,116","107,604","132,530","84,549","147,146","142,299","177,446","141,376","182,932","234,323"
2022.05.28.00,"43,950","73,734","125,148","99,653","161,015","107,556","132,459","84,506","147,068","142,236","177,347","141,279","182,760","234,188"
2022.05.27.00,"43,913","73,664","125,078","99,609","160,894","107,482","132,379","84,465","146,971","142,150","177,257","141,167","182,600","234,068"
2022.05.26.00,"43,880","73,535","124,990","99,563","160,770","107,399","132,282","84,423","146,869","142,057","177,134","141,024","182,115","233,871"
2022.05.25.00,"43,844","73,453","124,908","99,499","160,650","107,295","132,171","84,381","146,749","141,958","176,987","140,886","181,942","233,703"
2022.05.24.00,"43,810","73,350","124,800","99,427","160,497","107,176","132,029","84,322","146,597","141,802","176,805","140,710","181,711","233,468"
2022.05.23.00,"43,753","73,233","124,657","99,314","160,342","107,047","131,866","84,246","146,425","141,625","176,590","140,522","181,464","233,137"
2022.05.22.00,"43,745","73,212","124,602","99,278","160,298","107,010","131,809","84,228","146,380","141,588","176,522","140,458","181,361","233,051"
2022.05.21.00,"43,718","73,141","124,514","99,202","160,121","106,920","131,673","84,166","146,266","141,484","176,389","140,343","181,232","232,850"
2022.05.20.00,"43,685","73,067","124,400","99,105","159,957","106,812","131,513","84,083","146,148","141,349","176,216","140,155","181,026","232,585"
2022.05.19.00,"43,639","72,986","124,284","98,996","159,760","106,679","131,340","83,997","145,984","141,168","176,017","139,972","180,807","232,302"
2022.05.18.00,"43,591","72,895","124,128","98,881","159,546","106,545","131,174","83,898","145,825","140,983","175,813","139,796","180,546","231,997"
2022.05.17.00,"43,519","72,784","123,940","98,748","159,311","106,402","130,953","83,765","145,635","140,761","175,575","139,581","180,270","231,707"
2022.05.16.00,"43,455","72,652","123,775","98,611","159,086","106,217","130,738","83,615","145,385","140,495","175,283","139,347","179,953","231,321"
2022.05.15.00,"43,442","72,618","123,720","98,581","158,944","106,160","130,672","83,602","145,332","140,436","175,193","139,242","179,867","231,223"
2022.05.14.00,"43,399","72,532","123,591","98,485","158,804","106,036","130,506","83,505","145,178","140,291","175,014","139,057","179,648","230,973"
2022.05.13.00,"43,344","72,422","123,445","98,366","158,566","105,898","130,314","83,403","144,973","140,094","174,807","138,875","179,374","230,633"
2022.05.12.00,"43,278","72,280","123,291","98,250","158,344","105,730","130,107","83,296","144,790","139,907","174,586","138,641","179,092","230,306"
2022.05.11.00,"43,215","72,129","123,123","98,111","158,091","105,554","129,911","83,174","144,549","139,703","174,312","138,414","178,846","229,908"
2022.05.10.00,"43,145","71,988","122,913","97,985","157,753","105,341","129,700","83,031","144,289","139,424","174,022","138,085","178,493","229,562"
2022.05.09.00,"43,046","71,797","122,665","97,817","157,515","105,077","129,391","82,837","143,913","139,079","173,644","137,780","177,997","229,047"
2022.05.08.00,"43,030","71,763","122,590","97,773","157,340","104,976","129,276","82,805","143,814","138,976","173,509","137,631","177,787","228,867"
2022.05.07.00,"42,958","71,632","122,424","97,661","157,103","104,800","129,019","82,688","143,604","138,751","173,204","137,349","177,456","228,477"
2022.05.06.00,"42,863","71,476","122,151","97,491","156,862","104,585","128,754","82,526","143,291","138,461","172,898","137,075","177,099","228,054"
2022.05.05.00,"42,822","71,406","122,079","97,402","156,645","104,458","128,635","82,471","143,174","138,309","172,724","136,904","176,894","227,838"
2022.05.04.00,"42,724","71,237","121,885","97,251","156,332","104,221","128,353","82,367","142,930","138,027","172,382","136,598","176,541","227,439"
2022.05.03.00,"42,604","71,086","121,651","97,059","155,921","103,982","128,073","82,227","142,645","137,704","172,069","136,249","176,172","227,025"
2022.05.02.00,"42,480","70,909","121,341","96,836","155,657","103,720","127,741","82,011","142,346","137,345","171,617","135,891","175,711","226,499"
2022.05.01.00,"42,463","70,875","121,255","96,779","155,499","103,647","127,607","81,975","142,264","137,245","171,494","135,741","175,548","226,310"
2022.04.30.00,"42,410","70,764","121,055","96,644","155,214","103,472","127,385","81,845","142,050","137,024","171,215","135,531","175,255","225,965"
2022.04.29.00,"42,344","70,647","120,851","96,466","154,972","103,280","127,133","81,715","141,822","136,764","170,942","135,212","174,877","225,541"
2022.04.28.00,"42,223","70,472","120,627","96,235","154,589","103,061","126,834","81,514","141,561","136,509","170,535","134,913","174,405","225,057"
2022.04.27.00,"42,103","70,319","120,337","95,996","154,196","102,813","126,485","81,325","141,170","136,136","170,077","134,512","173,919","224,461"
2022.04.26.00,"41,988","70,070","120,018","95,714","153,574","102,510","126,068","81,081","140,682","135,747","169,504","133,955","173,253","223,700"
2022.04.25.00,"41,813","69,757","119,550","95,384","153,086","102,115","125,482","80,752","140,125","135,217","168,836","133,460","172,613","222,808"
2022.04.24.00,"41,774","69,674","119,382","95,276","152,770","101,979","125,304","80,677","139,964","135,062","168,614","133,221","172,299","222,522"
2022.04.23.00,"41,650","69,442","119,081","95,004","152,338","101,676","124,920","80,450","139,553","134,677","168,054","132,728","171,740","221,816"
2022.04.22.00,"41,492","69,167","118,721","94,732","151,742","101,298","124,421","80,200","139,078","134,169","167,471","132,248","171,101","221,012"
2022.04.21.00,"41,322","68,872","118,268","94,382","151,231","100,878","123,808","79,906","139,208","133,594","166,778","131,698","170,432","220,203"
2022.04.20.00,"41,163","68,557","117,808","94,014","150,598","100,398","123,170","79,556","138,605","132,992","165,956","131,095","169,665","219,288"
2022.04.19.00,"40,982","68,182","117,259","93,634","149,666","99,818","122,477","79,114","137,806","132,213","165,032","130,340","168,763","218,149"
2022.04.18.00,"40,717","67,727","116,596","92,973","148,853","99,203","121,588","78,536","136,920","131,377","163,959","129,567","167,673","216,673"
2022.04.17.00,"40,674","67,601","116,350","92,845","148,403","98,983","121,286","78,415","136,649","131,093","163,629","129,078","167,273","216,114"
2022.04.16.00,"40,537","67,283","115,869","92,485","147,635","98,449","120,732","78,081","136,093","130,491","162,877","128,530","166,533","215,190"
2022.04.15.00,"40,367","66,954","115,232","92,013","146,718","97,930","120,048","77,684","135,378","129,807","162,024","127,824","165,577","214,120"
2022.04.14.00,"40,139","66,525","114,543","91,446","145,834","97,312","119,286","77,180","134,461","128,896","160,980","126,996","164,469","212,832"
2022.04.13.00,"39,886","66,022","113,748","90,745","144,579","96,580","118,342","76,641","133,343","127,894","159,760","126,007","163,276","211,245"
2022.04.12.00,"39,558","65,406","112,739","89,922","142,784","95,708","117,087","75,863","131,986","126,574","158,122","124,654","161,672","209,160"
2022.04.11.00,"39,072","64,581","111,344","88,759","141,509","94,578","115,635","74,870","130,214","124,970","156,130","123,296","159,679","206,691"
2022.04.10.00,"38,944","64,379","110,858","88,454","140,526","94,116","115,129","74,605","129,693","124,353","155,505","122,558","158,879","205,835"
2022.04.09.00,"38,642","63,817","109,925","87,608","139,183","93,196","113,999","73,971","128,507","123,172","154,003","121,367","157,498","203,929"
2022.04.08.00,"38,308","63,204","108,878","86,700","137,720","92,178","112,784","73,198","127,213","121,902","152,369","120,129","156,032","201,971"
2022.04.07.00,"37,932","62,462","107,734","85,642","136,085","91,080","111,456","72,413","125,739","120,440","150,560","118,538","154,278","199,533"
2022.04.06.00,"37,453","61,713","106,391","84,605","134,225","89,871","110,027","71,518","123,923","118,873","148,448","117,111","152,311","197,076"
2022.04.05.00,"36,831","60,669","104,639","83,175","131,564","88,253","108,200","70,154","121,606","116,767","145,945","115,041","149,693","193,950"
2022.04.04.00,"36,186","59,481","102,770","81,338","129,808","86,682","106,277","68,758","119,551","114,947","143,361","113,180","147,185","190,509"
2022.04.03.00,"36,016","59,159","102,116","80,871","128,392","86,071","105,588","68,419","118,747","114,127","142,132","112,066","146,066","189,194"
2022.04.02.00,"35,514","58,346","100,790","79,617","126,538","84,881","104,108","67,415","116,810","112,388","140,075","110,860","143,991","186,406"
2022.04.01.00,"34,962","57,400","99,200","78,184","124,138","83,417","102,417","66,307","114,927","110,420","137,735","109,089","141,523","183,368"
2022.03.31.00,"34,378","56,518","97,440","76,706","121,960","81,785","100,529","65,085","112,890","108,483","135,159","106,984","138,907","180,293"
2022.03.30.00,"33,753","55,376","95,433","75,118","119,150","79,934","98,454","63,687","110,293","106,238","132,305","104,368","136,200","176,765"
2022.03.29.00,"32,835","53,872","92,993","72,934","115,116","77,705","95,523","61,840","106,171","102,955","127,626","100,529","132,333","172,292"
2022.03.28.00,"31,878","52,391","90,277","70,754","112,560","75,425","93,028","59,946","104,109","100,665","124,805","98,869","128,813","167,386"
2022.03.27.00,"31,577","51,652","89,302","70,003","110,620","74,131","92,006","59,393","102,916","99,426","123,374","96,873","126,296","165,373"
2022.03.26.00,"30,903","50,720","87,345","68,329","108,254","72,644","89,871","57,925","100,349","96,989","120,413","95,124","123,992","161,650"
2022.03.25.00,"32,582","49,989","85,386","68,116","104,591","70,928","87,350","58,920","98,149","94,437","115,209","93,238","117,573","154,279"
2022.03.24.00,"29,329","48,249","83,093","64,872","101,922","68,483","85,121","54,772","95,143","91,921","113,972","90,047","116,637","153,497"
2022.03.23.00,"28,381","46,631","80,636","62,635","98,744","66,378","82,432","52,908","91,734","88,904","110,587","86,481","112,922","148,775"
2022.03.22.00,"27,191","44,587","77,498","60,062","93,813","63,736","78,848","50,713","86,594","84,724","105,402","82,847","107,360","142,373"
2022.03.21.00,"26,097","43,051","74,684","57,799","91,813","61,469","76,038","48,710","84,310","81,990","102,490","80,853","104,101","137,662"
2022.03.20.00,"25,819","42,476","73,647","57,038","89,173","60,177","74,801","48,150","81,824","80,649","100,796","78,789","101,267","135,327"
2022.03.19.00,"24,821","41,106","71,630","55,184","86,686","58,376","72,381","46,565","79,902","77,934","97,363","76,162","99,069","130,803"
2022.03.18.00,"23,909","39,366","68,935","53,157","83,080","56,199","69,647","44,651","75,241","74,725","92,685","73,232","93,752","125,987"
2022.03.17.00,"22,932","37,321","65,738","50,909","79,524","52,916","66,941","42,701","71,538","71,705","89,619","70,430","89,860","120,880"
2022.03.16.00,"21,168","34,034","60,783","47,343","74,453","48,925","62,117","39,176","66,103","65,763","82,317","65,696","84,427","113,881"
2022.03.15.00,"19,992","32,986","58,374","45,085","69,621","46,768","59,276","37,086","63,505","62,724","77,678","62,098","81,663","106,449"
2022.03.14.00,"19,191","31,791","55,686","42,681","66,730","43,506","56,612","35,545","61,180","60,831","74,665","59,766","78,966","102,712"
2022.03.13.00,"18,550","30,577","53,712","41,161","64,145","42,495","54,273","33,812","58,881","58,304","72,073","57,932","76,181","98,302"
2022.03.12.00,"17,645","29,090","51,056","39,096","60,949","41,217","51,684","32,393","56,504","55,319","68,428","55,434","72,988","93,547"
2022.03.11.00,"16,683","27,392","48,188","36,710","57,251","38,365","48,738","30,901","52,933","52,121","64,516","52,322","68,946","88,590"
2022.03.10.00,"15,920","26,415","46,087","35,284","54,677","36,233","46,666","29,530","50,956","49,791","61,708","49,568","66,136","85,035"
2022.03.09.00,"15,119","25,014","43,849","33,420","51,627","35,065","44,320","27,882","48,088","46,953","57,551","47,246","63,331","80,661"
2022.03.08.00,"14,174","23,452","41,014","31,196","48,483","32,855","41,650","26,170","44,780","43,747","54,217","44,377","59,976","75,874"
2022.03.07.00,"13,759","22,810","39,443","30,007","46,798","30,886","40,350","25,261","43,575","42,733","52,735","42,939","58,017","73,337"
2022.03.06.00,"13,322","22,047","38,084","29,034","44,895","29,774","38,850","24,263","42,210","41,115","51,049","41,238","56,172","70,556"
2022.03.05.00,"12,677","21,004","36,257","27,734","42,663","28,638","36,978","23,156","40,027","39,120","48,857","39,643","53,847","67,027"
2022.03.04.00,"12,083","19,937","34,529","26,314","40,268","26,686","34,994","21,947","37,799","37,026","46,354","37,747","51,478","63,423"
2022.03.03.00,"11,448","18,730","32,404","24,684","37,793","24,391","32,684","20,303","35,701","35,035","43,598","35,290","48,683","59,697"
2022.03.02.00,"10,981","17,996","31,147","23,627","35,378","22,203","31,186","18,776","34,172","33,478","41,592","33,407","46,595","56,673"
2022.03.01.00,"10,299","17,029","29,198","22,165","33,740","21,795","29,277","18,334","32,367","31,197","38,937","31,666","44,338","53,158"
2022.02.28.00,"9,987","16,570","28,062","21,384","32,670","20,923","28,244","17,389","30,933","30,483","38,017","30,781","42,886","51,471"
2022.02.27.00,"9,703","15,964","27,138","20,661","31,363","20,299","27,079","16,870","30,029","29,178","36,849","29,595","41,393","49,413"
2022.02.26.00,"9,333","15,263","25,818","19,698","29,761","19,339","25,688","16,215","28,502","27,832","35,245","28,256","39,701","46,669"
2022.02.25.00,"8,891","14,581","24,597","18,717","28,117","18,438","24,315","15,579","26,796","26,527","33,471","26,776","37,948","44,487"
2022.02.24.00,"8,477","13,869","23,400","17,659","26,841","17,320","22,974","14,902","25,531","25,140","31,759","25,057","35,761","42,121"
2022.02.23.00,"8,023","13,164","22,163","16,680","25,075","16,383","21,681","13,963","24,233","23,678","30,020","23,629","33,771","39,784"
2022.02.22.00,"7,553","12,269","20,856","15,605","23,063","15,198","20,200","13,187","22,738","22,085","28,034","21,923","31,505","36,672"
2022.02.21.00,"7,305","12,001","20,142","15,064","21,983","14,649","19,445","12,726","21,841","21,480","27,295","21,085","30,010","35,199"
2022.02.20.00,"7,088","11,543","19,502","14,500","21,494","14,127","18,674","12,332","21,178","20,513","26,633","20,277","28,902","33,472"
2022.02.19.00,"6,854","11,135","18,615","13,799","20,751","13,709","17,732","11,654","20,499","19,681","25,361","19,571","27,797","32,059"
2022.02.18.00,"6,571","10,735","17,853","13,127","19,871","13,181","16,848","11,154","19,632","18,720","24,160","18,632","26,620","30,565"
2022.02.17.00,"6,313","10,242","17,051","12,496","18,775","12,470","15,877","10,557","18,534","17,692","22,809","17,646","25,413","28,864"
2022.02.16.00,"6,092","9,837","16,313","11,901","18,077","11,843","15,164","10,154","17,909","16,828","21,705","16,862","24,244","27,646"
2022.02.15.00,"5,913","9,497","15,542","11,269","17,370","11,287","14,405","9,877","17,233","16,075","20,776","16,098","23,204","26,290"
2022.02.14.00,"5,777","9,279","15,097","10,920","16,651","10,818","14,021","9,547","16,808","15,670","20,391","15,658","22,385","25,608"
2022.02.13.00,"5,686","9,023","14,752","10,581","16,239","10,558","13,607","9,282","16,425","15,250","19,801","15,272","21,753","24,882"
2022.02.12.00,"5,575","8,775","14,377","10,274","15,786","10,360","13,128","9,052","16,068","14,815","19,206","14,842","21,006","24,082"
2022.02.11.00,"5,455","8,535","13,906","10,019","15,093","9,958","12,638","8,755","15,666","14,312","18,510","14,332","20,089","23,344"
2022.02.10.00,"5,350","8,294","13,504","9,673","14,528","9,610","12,265","8,447","15,211","13,929","17,555","13,845","19,538","22,650"
2022.02.09.00,"5,244","8,077","13,164","9,438","13,970","9,175","11,836","8,210","14,765","13,516","16,889","13,427","18,697","21,953"
2022.02.08.00,"5,032","7,831","12,804","9,200","13,270","8,914","11,435","7,947","14,372","13,061","16,600","12,999","17,873","20,905"
2022.02.07.00,"5,017","7,709","12,579","8,981","12,975","8,682","11,183","7,839","14,131","12,785","16,430","12,778","17,405","20,681"
2022.02.06.00,"4,923","7,562","12,362","8,768","12,703","8,537","10,926","7,684","13,855","12,445","16,053","12,463","17,239","19,986"
2022.02.05.00,"4,826","7,411","12,081","8,545","12,389","8,353","10,718","7,525","13,533","12,056","15,690","12,066","17,001","19,272"
2022.02.04.00,"4,737","7,252","11,807","8,342","12,004","8,183","10,382","7,328","13,237","11,576","15,102","11,588","16,741","18,588"
2022.02.03.00,"4,627","7,078","11,623","8,200","11,819","8,004","10,146","7,142","13,003","11,354","14,941","11,183","16,541","18,115"
2022.02.02.00,"4,555","6,923","11,463","8,033","11,674","7,893","9,924","7,094","12,780","11,098","14,701","10,970","16,348","17,692"
2022.02.01.00,"4,493","6,794","11,365","7,912","11,569","7,760","9,726","6,959","12,597","10,934","14,418","10,800","16,198","17,304"
2022.01.31.00,"4,439","6,698","11,227","7,805","11,445","7,655","9,580","6,854","12,456","10,764","14,233","10,685","15,912","17,022"
2022.01.30.00,"4,404","6,597","11,096","7,720","11,346","7,565","9,410","6,779","12,302","10,582","13,927","10,499","15,657","16,716"
2022.01.29.00,"4,348","6,499","10,958","7,638","11,149","7,442","9,248","6,715","12,147","10,388","13,722","10,312","15,454","16,429"
2022.01.28.00,"4,284","6,387","10,834","7,538","11,001","7,328","9,065","6,652","11,982","10,242","13,466","10,092","15,206","16,160"
2022.01.27.00,"4,235","6,277","10,654","7,465","10,869","7,208","8,906","6,576","11,823","10,048","13,261","9,900","14,949","15,871"
2022.01.26.00,"4,196","6,197","10,546","7,386","10,745","7,108","8,751","6,508","11,694","9,887","13,038","9,728","14,732","15,622"
2022.01.25.00,"4,162","6,108","10,473","7,335","10,628","6,997","8,608","6,447","11,567","9,742","12,802","9,600","14,513","15,446"
2022.01.24.00,"4,129","6,072","10,448","7,303","10,590","6,963","8,563","6,432","11,484","9,675","12,706","9,515","14,348","15,330"
2022.01.23.00,"4,111","6,026","10,394","7,275","10,540","6,895","8,497","6,396","11,427","9,604","12,594","9,444","14,208","15,219"
2022.01.22.00,"4,093","5,976","10,335","7,243","10,471","6,838","8,438","6,362","11,376","9,545","12,488","9,363","14,079","15,122"
2022.01.21.00,"4,054","5,932","10,268","7,222","10,405","6,785","8,376","6,333","11,315","9,485","12,385","9,292","13,962","15,026"
2022.01.20.00,"4,030","5,896","10,211","7,201","10,361","6,759","8,321","6,290","11,256","9,437","12,293","9,208","13,853","14,945"
2022.01.19.00,"4,006","5,862","10,163","7,173","10,315","6,717","8,266","6,258","11,210","9,386","12,209","9,160","13,754","14,853"
2022.01.18.00,"3,990","5,819","10,116","7,148","10,273","6,702","8,224","6,231","11,144","9,340","12,139","9,113","13,659","14,774"
2022.01.17.00,"3,980","5,794","10,102","7,137","10,249","6,677","8,202","6,212","11,120","9,308","12,091","9,076","13,599","14,726"
2022.01.16.00,"3,963","5,762","10,076","7,111","10,229","6,649","8,171","6,187","11,093","9,288","12,057","9,034","13,543","14,679"
2022.01.15.00,"3,950","5,730","10,046","7,097","10,207","6,600","8,133","6,159","11,061","9,259","11,997","9,002","13,488","14,606"
2022.01.14.00,"3,929","5,696","10,006","7,078","10,182","6,554","8,088","6,138","11,031","9,233","11,943","8,965","13,427","14,553"
2022.01.13.00,"3,909","5,666","9,962","7,046","10,153","6,534","8,053","6,117","10,995","9,205","11,896","8,902","13,374","14,501"
2022.01.12.00,"3,897","5,638","9,928","7,027","10,124","6,507","8,021","6,105","10,955","9,171","11,832","8,859","13,293","14,435"
2022.01.11.00,"3,890","5,592","9,883","7,011","10,086","6,424","7,968","6,086","10,915","9,137","11,762","8,797","13,193","14,363"
2022.01.10.00,"3,880","5,570","9,848","6,990","10,062","6,409","7,941","6,073","10,895","9,116","11,730","8,753","13,121","14,322"
2022.01.09.00,"3,863","5,547","9,805","6,973","10,033","6,401","7,915","6,052","10,882","9,092","11,694","8,720","13,072","14,267"
2022.01.08.00,"3,846","5,515","9,759","6,946","9,996","6,372","7,875","6,028","10,849","9,066","11,653","8,680","13,023","14,199"
2022.01.07.00,"3,830","5,491","9,720","6,925","9,970","6,342","7,837","6,003","10,824","9,032","11,601","8,639","12,955","14,150"
2022.01.06.00,"3,807","5,455","9,684","6,907","9,932","6,321","7,800","5,983","10,777","8,988","11,559","8,590","12,881","14,089"
2022.01.05.00,"3,784","5,427","9,630","6,877","9,889","6,286","7,769","5,953","10,719","8,956","11,502","8,543","12,806","14,012"
2022.01.04.00,"3,764","5,388","9,564","6,844","9,826","6,250","7,724","5,917","10,673","8,919","11,453","8,489","12,706","13,933"
2022.01.03.00,"3,747","5,365","9,532","6,807","9,797","6,222","7,690","5,893","10,645","8,884","11,406","8,457","12,649","13,873"
2022.01.02.00,"3,726","5,346","9,494","6,784","9,765","6,185","7,654","5,868","10,610","8,864","11,371","8,416","12,585","13,812"
2022.01.01.00,"3,700","5,311","9,459","6,739","9,712","6,161","7,609","5,835","10,559","8,829","11,313","8,370","12,528","13,730"
2021.12.31.00,"3,671","5,274","9,385","6,695","9,663","6,110","7,570","5,795","10,507","8,791","11,265","8,311","12,452","13,634"
2021.12.30.00,"3,649","5,236","9,313","6,637","9,602","6,066","7,514","5,755","10,429","8,739","11,196","8,260","12,366","13,525"
2021.12.29.00,"3,626","5,203","9,250","6,560","9,535","6,023","7,464","5,715","10,353","8,674","11,120","8,191","12,282","13,405"
2021.12.28.00,"3,593","5,167","9,152","6,494","9,428","5,971","7,409","5,661","10,266","8,601","11,043","8,120","12,215","13,319"
2021.12.27.00,"3,570","5,139","9,091","6,450","9,393","5,946","7,371","5,636","10,224","8,560","10,992","8,087","12,148","13,237"
2021.12.26.00,"3,542","5,108","9,030","6,391","9,315","5,902","7,318","5,599","10,182","8,510","10,915","8,031","12,079","13,121"
2021.12.25.00,"3,504","5,074","8,947","6,327","9,245","5,848","7,237","5,548","10,100","8,434","10,830","7,965","11,996","12,974"
2021.12.24.00,"3,478","5,042","8,875","6,260","9,144","5,789","7,155","5,507","10,000","8,346","10,749","7,881","11,892","12,847"
2021.12.23.00,"3,435","4,989","8,778","6,167","9,058","5,707","7,085","5,465","9,906","8,247","10,647","7,790","11,777","12,658"
2021.12.22.00,"3,388","4,932","8,666","6,076","8,923","5,625","6,986","5,419","9,778","8,156","10,516","7,703","11,636","12,491"
2021.12.21.00,"3,357","4,862","8,548","5,996","8,763","5,551","6,878","5,358","9,655","8,054","10,391","7,594","11,500","12,346"
2021.12.20.00,"3,331","4,816","8,464","5,915","8,613","5,493","6,834","5,315","9,596","7,960","10,292","7,533","11,380","12,244"
2021.12.19.00,"3,336","4,781","8,362","5,836","8,538","5,436","6,758","5,263","9,532","7,887","10,189","7,464","11,285","12,091"
2021.12.18.00,"3,308","4,728","8,247","5,773","8,439","5,386","6,692","5,201","9,427","7,801","10,093","7,363","11,153","12,026"
2021.12.17.00,"3,272","4,675","8,134","5,679","8,306","5,296","6,613","5,120","9,316","7,705","9,960","7,243","11,027","11,843"
2021.12.16.00,"3,243","4,620","7,972","5,577","8,178","5,200","6,535","5,029","9,191","7,604","9,821","7,154","10,881","11,663"
2021.12.15.00,"3,199","4,550","7,825","5,497","8,055","5,112","6,444","4,959","9,080","7,518","9,674","7,044","10,719","11,540"
2021.12.14.00,"3,150","4,489","7,692","5,406","7,946","5,001","6,338","4,851","8,949","7,393","9,497","6,929","10,591","11,288"
2021.12.13.00,"3,140","4,451","7,543","5,297","7,849","4,892","6,274","4,796","8,876","7,347","9,417","6,847","10,506","11,109"
2021.12.12.00,"3,111","4,399","7,431","5,209","7,721","4,817","6,202","4,735","8,778","7,273","9,300","6,750","10,356","10,934"
2021.12.11.00,"3,068","4,349","7,327","5,137","7,641","4,763","6,126","4,662","8,667","7,187","9,167","6,645","10,250","10,818"
2021.12.10.00,"3,026","4,299","7,188","5,079","7,542","4,706","6,044","4,589","8,533","7,089","9,055","6,544","10,126","10,616"
2021.12.09.00,"2,992","4,255","7,032","5,004","7,438","4,607","5,963","4,490","8,394","6,997","8,929","6,439","9,989","10,482"
2021.12.08.00,"2,959","4,196","6,921","4,958","7,274","4,573","5,882","4,402","8,276","6,892","8,793","6,337","9,840","10,347"
2021.12.07.00,"2,900","4,142","6,768","4,872","7,156","4,502","5,789","4,309","8,142","6,779","8,636","6,229","9,706","10,166"
2021.12.06.00,"2,868","4,092","6,660","4,749","7,037","4,414","5,725","4,276","8,064","6,707","8,557","6,168","9,607","10,029"
2021.12.05.00,"2,841","4,067","6,626","4,739","7,000","4,375","5,659","4,239","7,991","6,644","8,473","6,121","9,549","9,947"
2021.12.04.00,"2,808","4,019","6,525","4,667","6,946","4,298","5,599","4,185","7,880","6,554","8,369","6,067","9,460","9,818"
2021.12.03.00,"2,779","3,971","6,443","4,613","6,856","4,239","5,526","4,125","7,769","6,461","8,237","5,997","9,365","9,698"
2021.12.02.00,"2,757","3,919","6,327","4,540","6,748","4,167","5,456","4,037","7,645","6,367","8,135","5,928","9,295","9,586"
2021.12.01.00,"2,684","3,851","6,198","4,456","6,587","4,077","5,345","3,922","7,514","6,262","8,014","5,860","9,188","9,431"
2021.11.30.00,"2,680","3,796","6,132","4,436","6,558","4,058","5,292","3,904","7,448","6,201","7,994","5,822","9,129","9,382"
2021.11.29.00,"2,651","3,765","6,092","4,377","6,497","4,027","5,252","3,876","7,386","6,161","7,949","5,783","9,087","9,336"
2021.11.28.00,"2,628","3,728","6,039","4,318","6,439","3,974","5,203","3,826","7,315","6,084","7,870","5,719","9,044","9,263"
2021.11.27.00,"2,599","3,703","5,951","4,263","6,379","3,923","5,154","3,788","7,235","5,984","7,802","5,672","9,002","9,183"
2021.11.26.00,"2,561","3,642","5,850","4,202","6,281","3,876","5,105","3,730","7,153","5,878","7,739","5,629","8,938","9,105"
2021.11.25.00,"2,527","3,597","5,776","4,150","6,179","3,824","5,058","3,679","7,077","5,768","7,663","5,608","8,893","9,015"
2021.11.24.00,"2,500","3,564","5,705","4,071","6,113","3,786","5,005","3,595","6,980","5,667","7,581","5,566","8,844","8,912"
2021.11.23.00,"2,475","3,535","5,630","4,020","6,020","3,722","4,953","3,530","6,883","5,578","7,486","5,522","8,790","8,792"
2021.11.22.00,"2,455","3,525","5,596","3,968","5,975","3,694","4,920","3,501","6,842","5,523","7,448","5,479","8,745","8,735"
2021.11.21.00,"2,441","3,503","5,545","3,917","5,933","3,657","4,879","3,463","6,766","5,471","7,390","5,446","8,699","8,658"
2021.11.20.00,"2,424","3,478","5,494","3,876","5,878","3,629","4,842","3,432","6,697","5,412","7,327","5,403","8,647","8,576"
2021.11.19.00,"2,402","3,452","5,435","3,830","5,822","3,598","4,809","3,371","6,616","5,361","7,263","5,345","8,589","8,508"
2021.11.18.00,"2,368","3,431","5,362","3,788","5,761","3,566","4,766","3,316","6,519","5,314","7,204","5,315","8,528","8,430"
2021.11.17.00,"2,350","3,412","5,294","3,754","5,695","3,524","4,726","3,269","6,440","5,269","7,137","5,256","8,471","8,341"
2021.11.16.00,"2,336","3,388","5,212","3,719","5,646","3,484","4,681","3,225","6,376","5,221","7,057","5,215","8,425","8,266"
2021.11.15.00,"2,322","3,378","5,155","3,694","5,626","3,465","4,652","3,202","6,312","5,202","7,019","5,190","8,388","8,231"
2021.11.14.00,"2,308","3,360","5,111","3,679","5,596","3,455","4,631","3,183","6,256","5,171","6,987","5,163","8,346","8,180"
2021.11.13.00,"2,289","3,352","5,069","3,655","5,547","3,431","4,605","3,154","6,200","5,143","6,938","5,132","8,314","8,128"
2021.11.12.00,"2,273","3,339","5,018","3,624","5,489","3,396","4,585","3,123","6,156","5,118","6,860","5,098","8,275","8,081"
2021.11.11.00,"2,257","3,320","4,987","3,598","5,438","3,367","4,563","3,102","6,092","5,090","6,801","5,076","8,243","8,029"
2021.11.10.00,"2,239","3,304","4,928","3,570","5,407","3,342","4,539","3,084","6,028","5,067","6,742","5,026","8,213","7,959"
2021.11.09.00,"2,223","3,285","4,859","3,545","5,369","3,322","4,505","3,059","5,971","5,038","6,691","5,001","8,174","7,887"
2021.11.08.00,"2,208","3,275","4,818","3,525","5,341","3,310","4,487","3,032","5,930","5,016","6,656","4,979","8,133","7,847"
2021.11.07.00,"2,196","3,265","4,794","3,503","5,299","3,291","4,470","3,013","5,881","4,997","6,614","4,953","8,102","7,802"
2021.11.06.00,"2,187","3,253","4,752","3,485","5,255","3,279","4,453","2,965","5,832","4,980","6,559","4,925","8,068","7,744"
2021.11.05.00,"2,169","3,238","4,712","3,456","5,202","3,260","4,439","2,925","5,783","4,952","6,502","4,887","8,043","7,693"
2021.11.04.00,"2,148","3,220","4,656","3,429","5,162","3,242","4,412","2,872","5,718","4,924","6,454","4,858","8,019","7,630"
2021.11.03.00,"2,134","3,202","4,651","3,400","5,116","3,222","4,390","2,835","5,654","4,893","6,399","4,837","7,989","7,568"
2021.11.02.00,"2,122","3,187","4,606","3,358","5,070","3,190","4,362","2,805","5,582","4,858","6,334","4,812","7,956","7,512"
2021.11.01.00,"2,114","3,176","4,585","3,330","5,054","3,172","4,341","2,786","5,559","4,840","6,297","4,795","7,932","7,481"
2021.10.31.00,"2,095","3,166","4,548","3,302","5,038","3,156","4,323","2,767","5,516","4,820","6,262","4,774","7,911","7,435"
2021.10.30.00,"2,076","3,149","4,508","3,273","5,018","3,143","4,302","2,751","5,467","4,788","6,218","4,758","7,886","7,384"
2021.10.29.00,"2,058","3,140","4,451","3,245","4,998","3,135","4,279","2,733","5,416","4,764","6,171","4,742","7,861","7,345"
2021.10.28.00,"2,043","3,125","4,404","3,214","4,978","3,128","4,253","2,703","5,372","4,744","6,136","4,719","7,840","7,297"
2021.10.27.00,"2,030","3,116","4,352","3,188","4,965","3,111","4,234","2,669","5,328","4,723","6,102","4,702","7,791","7,236"
2021.10.26.00,"2,018","3,097","4,325","3,160","4,934","3,103","4,218","2,650","5,294","4,698","6,062","4,670","7,764","7,195"
2021.10.25.00,"2,017","3,094","4,310","3,154","4,925","3,096","4,207","2,647","5,265","4,682","6,042","4,651","7,739","7,178"
2021.10.24.00,"2,012","3,091","4,294","3,139","4,915","3,090","4,200","2,634","5,241","4,670","6,017","4,628","7,722","7,145"
2021.10.23.00,"2,004","3,076","4,272","3,123","4,903","3,081","4,191","2,608","5,211","4,654","5,989","4,607","7,699","7,107"
2021.10.22.00,"1,989","3,064","4,248","3,105","4,887","3,067","4,176","2,568","5,177","4,638","5,976","4,588","7,664","7,094"
2021.10.21.00,"1,983","3,055","4,218","3,094","4,866","3,057","4,164","2,554","5,145","4,609","5,954","4,573","7,632","7,070"
2021.10.20.00,"1,968","3,049","4,197","3,080","4,845","3,043","4,157","2,540","5,111","4,581","5,924","4,556","7,609","7,047"
2021.10.19.00,"1,959","3,041","4,177","3,063","4,827","3,027","4,134","2,526","5,072","4,557","5,902","4,545","7,589","7,028"
2021.10.18.00,"1,960","3,031","4,165","3,054","4,818","3,024","4,127","2,512","5,062","4,535","5,893","4,541","7,570","7,015"
2021.10.17.00,"1,956","3,023","4,155","3,045","4,809","3,017","4,121","2,494","5,039","4,523","5,877","4,536","7,550","7,001"
2021.10.16.00,"1,949","3,006","4,137","3,034","4,781","3,001","4,112","2,477","5,007","4,502","5,858","4,530","7,521","6,983"
2021.10.15.00,"1,938","2,995","4,117","3,017","4,750","2,983","4,102","2,454","4,971","4,480","5,822","4,521","7,485","6,952"
2021.10.14.00,"1,930","2,976","4,073","2,993","4,717","2,960","4,082","2,421","4,940","4,460","5,798","4,511","7,450","6,923"
2021.10.13.00,"1,922","2,957","4,043","2,971","4,677","2,949","4,060","2,384","4,888","4,434","5,761","4,500","7,408","6,888"
2021.10.12.00,"1,913","2,938","4,011","2,969","4,650","2,933","4,035","2,367","4,859","4,421","5,738","4,485","7,371","6,858"
2021.10.11.00,"1,908","2,916","3,992","2,938","4,635","2,919","4,023","2,356","4,842","4,401","5,723","4,476","7,323","6,839"
2021.10.10.00,"1,899","2,906","3,967","2,923","4,616","2,911","4,012","2,328","4,817","4,387","5,703","4,463","7,296","6,815"
2021.10.09.00,"1,892","2,878","3,938","2,903","4,584","2,899","3,994","2,305","4,797","4,364","5,679","4,456","7,268","6,780"
2021.10.08.00,"1,875","2,853","3,881","2,870","4,553","2,874","3,969","2,275","4,768","4,331","5,658","4,440","7,235","6,740"
2021.10.07.00,"1,864","2,840","3,843","2,839","4,517","2,853","3,935","2,250","4,728","4,299","5,633","4,418","7,204","6,696"
2021.10.06.00,"1,839","2,825","3,789","2,805","4,478","2,832","3,911","2,230","4,685","4,277","5,608","4,394","7,182","6,644"
2021.10.05.00,"1,824","2,814","3,761","2,776","4,449","2,814","3,889","2,214","4,654","4,255","5,580","4,380","7,146","6,606"
2021.10.04.00,"1,813","2,805","3,737","2,753","4,425","2,803","3,869","2,196","4,640","4,233","5,568","4,365","7,116","6,581"
2021.10.03.00,"1,794","2,789","3,705","2,736","4,397","2,786","3,845","2,181","4,611","4,219","5,550","4,347","7,085","6,549"
2021.10.02.00,"1,776","2,770","3,660","2,711","4,370","2,765","3,810","2,159","4,575","4,197","5,532","4,333","7,060","6,513"
2021.10.01.00,"1,758","2,748","3,602","2,689","4,341","2,746","3,778","2,130","4,535","4,176","5,492","4,311","7,028","6,478"
2021.09.30.00,"1,736","2,733","3,540","2,656","4,308","2,718","3,753","2,102","4,497","4,149","5,457","4,294","6,976","6,419"
2021.09.29.00,"1,709","2,705","3,487","2,607","4,284","2,692","3,727","2,064","4,462","4,120","5,418","4,284","6,926","6,356"
2021.09.28.00,"1,672","2,681","3,421","2,582","4,237","2,662","3,680","2,033","4,419","4,092","5,370","4,265","6,881","6,288"
2021.09.27.00,"1,649","2,653","3,365","2,563","4,221","2,644","3,663","2,017","4,378","4,068","5,347","4,249","6,831","6,230"
2021.09.26.00,"1,622","2,640","3,336","2,535","4,182","2,617","3,641","1,998","4,338","4,040","5,310","4,229","6,788","6,176"
2021.09.25.00,"1,598","2,608","3,279","2,493","4,151","2,590","3,611","1,959","4,303","4,019","5,273","4,194","6,751","6,088"
2021.09.24.00,"1,563","2,583","3,212","2,468","4,114","2,555","3,569","1,926","4,250","3,983","5,207","4,167","6,687","5,977"
2021.09.23.00,"1,540","2,571","3,174","2,440","4,087","2,538","3,537","1,913","4,203","3,943","5,175","4,144","6,638","5,876"
2021.09.22.00,"1,506","2,562","3,150","2,417","4,071","2,527","3,514","1,899","4,165","3,924","5,141","4,124","6,600","5,823"
2021.09.21.00,"1,497","2,553","3,127","2,398","4,041","2,511","3,490","1,874","4,133","3,906","5,109","4,110","6,577","5,764"
2021.09.20.00,"1,467","2,537","3,096","2,364","4,020","2,498","3,459","1,855","4,109","3,888","5,081","4,094","6,544","5,719"
2021.09.19.00,"1,455","2,530","3,072","2,346","4,002","2,483","3,434","1,837","4,081","3,872","5,053","4,071","6,523","5,664"
2021.09.18.00,"1,432","2,516","3,030","2,329","3,978","2,465","3,399","1,826","4,038","3,855","5,016","4,045","6,487","5,596"
2021.09.17.00,"1,408","2,506","3,002","2,313","3,954","2,449","3,382","1,816","4,003","3,835","4,980","4,024","6,454","5,524"
2021.09.16.00,"1,392","2,500","2,968","2,296","3,925","2,423","3,350","1,790","3,969","3,817","4,946","3,995","6,389","5,460"
2021.09.15.00,"1,372","2,493","2,944","2,283","3,895","2,394","3,304","1,773","3,924","3,791","4,917","3,971","6,344","5,393"
2021.09.14.00,"1,359","2,480","2,911","2,265","3,857","2,373","3,262","1,756","3,865","3,762","4,881","3,940","6,289","5,312"
2021.09.13.00,"1,344","2,470","2,893","2,252","3,818","2,365","3,246","1,741","3,837","3,744","4,857","3,916","6,257","5,268"
2021.09.12.00,"1,334","2,459","2,867","2,244","3,794","2,352","3,221","1,720","3,807","3,721","4,827","3,899","6,233","5,228"
2021.09.11.00,"1,323","2,441","2,846","2,229","3,757","2,338","3,210","1,710","3,774","3,698","4,784","3,878","6,199","5,175"
2021.09.10.00,"1,311","2,429","2,818","2,208","3,720","2,328","3,187","1,686","3,720","3,674","4,744","3,860","6,158","5,121"
2021.09.09.00,"1,306","2,411","2,797","2,186","3,670","2,314","3,157","1,663","3,678","3,648","4,711","3,841","6,123","5,073"
2021.09.08.00,"1,290","2,398","2,777","2,175","3,646","2,289","3,131","1,649","3,633","3,627","4,666","3,817","6,085","5,021"
2021.09.07.00,"1,278","2,382","2,757","2,161","3,596","2,268","3,112","1,630","3,583","3,607","4,622","3,793","6,044","4,987"
2021.09.06.00,"1,270","2,374","2,745","2,148","3,572","2,257","3,085","1,609","3,548","3,587","4,604","3,778","6,010","4,952"
2021.09.05.00,"1,260","2,371","2,733","2,144","3,544","2,250","3,076","1,598","3,525","3,567","4,564","3,761","5,976","4,931"
2021.09.04.00,"1,244","2,362","2,715","2,138","3,512","2,235","3,064","1,586","3,504","3,551","4,520","3,744","5,930","4,904"
2021.09.03.00,"1,232","2,350","2,697","2,129","3,471","2,221","3,048","1,568","3,468","3,525","4,488","3,717","5,882","4,869"
2021.09.02.00,"1,223","2,340","2,672","2,121","3,436","2,211","3,031","1,555","3,435","3,490","4,461","3,688","5,843","4,832"
2021.09.01.00,"1,213","2,333","2,650","2,113","3,414","2,201","3,014","1,535","3,402","3,467","4,430","3,668","5,806","4,789"
2021.08.31.00,"1,197","2,321","2,623","2,101","3,381","2,179","3,000","1,516","3,370","3,444","4,395","3,635","5,733","4,741"
2021.08.30.00,"1,191","2,308","2,611","2,089","3,362","2,167","2,988","1,502","3,354","3,424","4,371","3,605","5,703","4,713"
2021.08.29.00,"1,187","2,299","2,590","2,078","3,339","2,156","2,971","1,490","3,331","3,402","4,342","3,597","5,667","4,687"
2021.08.28.00,"1,182","2,290","2,564","2,070","3,306","2,138","2,960","1,475","3,295","3,381","4,308","3,576","5,628","4,662"
2021.08.27.00,"1,175","2,280","2,544","2,058","3,271","2,118","2,939","1,447","3,248","3,360","4,275","3,553","5,578","4,638"
2021.08.26.00,"1,166","2,264","2,526","2,051","3,241","2,106","2,917","1,436","3,210","3,333","4,236","3,536","5,521","4,602"
2021.08.25.00,"1,153","2,256","2,511","2,042","3,203","2,085","2,891","1,427","3,164","3,311","4,189","3,510","5,472","4,570"
2021.08.24.00,"1,152","2,244","2,499","2,029","3,160","2,066","2,860","1,414","3,117","3,283","4,139","3,477","5,406","4,534"
2021.08.23.00,"1,149","2,236","2,489","2,020","3,143","2,054","2,836","1,405","3,092","3,263","4,116","3,457","5,358","4,509"
2021.08.22.00,"1,140","2,226","2,477","2,014","3,122","2,046","2,816","1,394","3,074","3,243","4,097","3,434","5,322","4,488"
2021.08.21.00,"1,135","2,210","2,460","1,996","3,090","2,023","2,786","1,379","3,048","3,227","4,068","3,413","5,289","4,461"
2021.08.20.00,"1,135","2,195","2,449","1,990","3,061","1,995","2,756","1,374","3,023","3,204","4,046","3,388","5,238","4,434"
2021.08.19.00,"1,129","2,187","2,422","1,978","3,024","1,971","2,730","1,366","3,001","3,189","4,015","3,366","5,183","4,400"
2021.08.18.00,"1,110","2,171","2,409","1,958","2,988","1,949","2,699","1,358","2,982","3,164","3,990","3,346","5,131","4,370"
2021.08.17.00,"1,093","2,154","2,400","1,953","2,958","1,937","2,668","1,340","2,955","3,144","3,968","3,319","5,083","4,339"
2021.08.16.00,"1,085","2,145","2,387","1,944","2,945","1,927","2,641","1,337","2,935","3,129","3,941","3,305","5,052","4,323"
2021.08.15.00,"1,078","2,134","2,378","1,937","2,930","1,904","2,618","1,324","2,919","3,105","3,924","3,291","5,021","4,298"
